<application>
  <component name="AndroidFoldingSettings">
    <option name="collapseAndroidStrings" value="false" />
    <option name="COLLAPSE_ANDROID_TEXT" value="false" />
  </component>
  <component name="CodeInsightSettings">
    <option name="AUTO_POPUP_JAVADOC_INFO" value="true" />
    <option name="COMPLETION_CASE_SENSITIVE" value="2" />
    <option name="OPTIMIZE_IMPORTS_ON_THE_FLY" value="true" />
    <option name="ADD_UNAMBIGIOUS_IMPORTS_ON_THE_FLY" value="true" />
    <EXCLUDED_PACKAGE NAME="java.lang.Void" />
  </component>
  <component name="DaemonCodeAnalyzerSettings">
    <option name="SHOW_METHOD_SEPARATORS" value="true" />
  </component>
  <component name="JavaCodeFoldingSettings">
    <option name="collapseConstructorGenericParameters" value="false" />
    <option name="collapseI18nMessages" value="false" />
    <option name="collapseLambdas" value="false" />
    <option name="collapseSuppressWarnings" value="false" />
    <option name="COLLAPSE_ONE_LINE_METHODS" value="false" />
    <option name="COLLAPSE_CLOSURES" value="false" />
    <option name="COLLAPSE_CONSTRUCTOR_GENERIC_PARAMETERS" value="false" />
    <option name="COLLAPSE_I18N_MESSAGES" value="false" />
    <option name="COLLAPSE_SUPPRESS_WARNINGS" value="false" />
  </component>
  <component name="XmlFoldingSettings">
    <option name="collapseHtmlStyleAttribute" value="false" />
    <option name="COLLAPSE_HTML_STYLE_ATTRIBUTE" value="false" />
  </component>
</application>