<application>
  <component name="AppInspectionProfilesVisibleTreeState">
    <entry key="Default">
      <profile-state>
        <expanded-state>
          <State>
            <id />
          </State>
        </expanded-state>
        <selected-state>
          <State>
            <id>Android</id>
          </State>
        </selected-state>
      </profile-state>
    </entry>
  </component>
  <component name="CvsApplicationLevelConfiguration">
    <option name="PATH_TO_PASSWORD_FILE" value="$userdir/.cvspass" />
  </component>
  <component name="ImportConfiguration">
    <option name="VENDOR" />
    <option name="RELEASE_TAG" />
    <option name="LOG_MESSAGE" />
    <option name="CHECKOUT_AFTER_IMPORT" value="true" />
    <option name="KEYWORD_SUBSTITUTION_WRAPPERS" value="" />
    <option name="MAKE_NEW_FILES_READ_ONLY" value="false" />
  </component>
  <component name="PropertiesComponent">
    <property name="ATTACHED_TOOL_WINDOW.DEFAULT.NELE_EDITOR.COMPONENT_TREE.AUTO_HIDE" value="false" />
    <property name="ATTACHED_TOOL_WINDOW.DEFAULT.NELE_EDITOR.COMPONENT_TREE.LEFT" value="true" />
    <property name="ATTACHED_TOOL_WINDOW.DEFAULT.NELE_EDITOR.COMPONENT_TREE.SPLIT" value="true" />
    <property name="ATTACHED_TOOL_WINDOW.DEFAULT.NELE_EDITOR.PALETTE.AUTO_HIDE" value="false" />
    <property name="ATTACHED_TOOL_WINDOW.DEFAULT.NELE_EDITOR.PALETTE.LEFT" value="true" />
    <property name="ATTACHED_TOOL_WINDOW.DEFAULT.NELE_EDITOR.PALETTE.SPLIT" value="false" />
    <property name="ATTACHED_TOOL_WINDOW.DEFAULT.NELE_EDITOR.PROPERTIES.AUTO_HIDE" value="false" />
    <property name="ATTACHED_TOOL_WINDOW.DEFAULT.NELE_EDITOR.PROPERTIES.LEFT" value="false" />
    <property name="ATTACHED_TOOL_WINDOW.DEFAULT.NELE_EDITOR.PROPERTIES.SPLIT" value="false" />
    <property name="ATTACHED_TOOL_WINDOW.DEFAULT.NELE_EDITOR.TOOL_ORDER" value="PALETTE,PROPERTIES,COMPONENT_TREE" />
    <property name="ATTACHED_TOOL_WINDOW.DEFAULT.Preview.PALETTE.AUTO_HIDE" value="true" />
    <property name="ATTACHED_TOOL_WINDOW.DEFAULT.Preview.PALETTE.LEFT" value="true" />
    <property name="ATTACHED_TOOL_WINDOW.DEFAULT.Preview.PALETTE.SPLIT" value="false" />
    <property name="ATTACHED_TOOL_WINDOW.DEFAULT.Preview.TOOL_ORDER" value="PALETTE" />
    <property name="ATTACHED_TOOL_WINDOW.NELE_EDITOR.COMPONENT_TREE.LEFT" value="true" />
    <property name="ATTACHED_TOOL_WINDOW.NELE_EDITOR.COMPONENT_TREE.SPLIT" value="true" />
    <property name="ATTACHED_TOOL_WINDOW.NELE_EDITOR.LEFT.UNSCALED.WIDTH" value="225" />
    <property name="ATTACHED_TOOL_WINDOW.NELE_EDITOR.PALETTE.LEFT" value="true" />
    <property name="ATTACHED_TOOL_WINDOW.NELE_EDITOR.RIGHT.UNSCALED.WIDTH" value="391" />
    <property name="ATTACHED_TOOL_WINDOW.NELE_EDITOR.TOOL_ORDER" value="PALETTE,PROPERTIES,COMPONENT_TREE" />
    <property name="ATTACHED_TOOL_WINDOW.Preview.LEFT.UNSCALED.WIDTH" value="225" />
    <property name="ATTACHED_TOOL_WINDOW.Preview.PALETTE.AUTO_HIDE" value="true" />
    <property name="ATTACHED_TOOL_WINDOW.Preview.PALETTE.LEFT" value="true" />
    <property name="ATTACHED_TOOL_WINDOW.Preview.RIGHT.UNSCALED.WIDTH" value="225" />
    <property name="ATTACHED_TOOL_WINDOW.Preview.TOOL_ORDER" value="PALETTE" />
    <property name="AndroidInitConfigurator.V1" value="true" />
    <property name="AndroidInitConfigurator.V3" value="true" />
    <property name="AndroidInitConfigurator.V5" value="true" />
    <property name="AndroidPlatformName" value="Android API 28 Platform" />
    <property name="CommitChangeListDialog.DETAILS_SPLITTER_PROPORTION_2" value="0.7162954" />
    <property name="CommittedChanges.SplitterProportions.0" value="700" />
    <property name="CommittedChanges.SplitterProportions.1" value="500" />
    <property name="Copy.OpenInEditor" value="true" />
    <property name="Default.savedEditorTheme" value="_@user_Default" />
    <property name="LOG_FILTER_HISTORY" value="getu&#10;resul&#10;getPoliceAlarmNotice&#10;getPoliceAlarmList&#10;resultValue" />
    <property name="LOG_FILTER_TAG_HISTORY" value="resultValue&#10;getServiceRequired&#10;looooo" />
    <property name="MemberChooser.copyJavadoc" value="false" />
    <property name="MemberChooser.showClasses" value="true" />
    <property name="MobileminApi" value="16" />
    <property name="ProjectStructure.SecondLevelElements" value="0.5" />
    <property name="SAVED_ANDROID_NPW_LANGUAGE" value="Java" />
    <property name="SAVED_ANDROID_PACKAGE" value="com.example" />
    <property name="SearchEveryWhereHistory" value="log&#10;spla&#10;login&#10;ho&#10;basere" />
    <property name="SettingsSearchHistory" value="inst" />
    <property name="TrendingPluginsSearchHistory" value="Permission&#10;sortBy:featured" />
    <property name="android-component-compatibility-check" value="1564362479017" />
    <property name="annotationStr" value="@com.google.gson.annotations.SerializedName\s*\(\s*&quot;{filed}&quot;\s*\)" />
    <property name="arrayFromData" value="false" />
    <property name="arrayFromData1" value="false" />
    <property name="arrayFromData1Str" value="    public  static java.util.List&lt;$ClassName$&gt; array$ClassName$FromData(String str,String key){&#10;&#10;        try {&#10;            org.json.JSONObject jsonObject=new org.json.JSONObject(str);&#10;            java.lang.reflect.Type listType=new com.google.gson.reflect.TypeToken&lt;java.util.ArrayList&lt;$ClassName$&gt;&gt;(){}.getType();&#10;&#10;            return new com.google.gson.Gson().fromJson(jsonObject.getString(str),listType);&#10;&#10;        } catch (org.json.JSONException e) {&#10;            e.printStackTrace();&#10;        }&#10;&#10;        return new java.util.ArrayList();&#10;&#10;&#10;    }" />
    <property name="build.toolwindow.Build Output.selection.state" value="com.intellij.build.BuildTreeConsoleView" />
    <property name="build.toolwindow.Build.selection.state" value="com.intellij.build.BuildTreeConsoleView" />
    <property name="build.toolwindow.Sync.selection.state" value="com.intellij.build.BuildTreeConsoleView" />
    <property name="build.toolwindow.run.selection.state" value="consoleView" />
    <property name="create.project.preferred.importer" value="Existing Sources" />
    <property name="decompiler.legal.notice.accepted" value="true" />
    <property name="dir.diff.panel.divider.location" value="66" />
    <property name="entityPackName" value="com.snxun.xm.zhgl.bean.request.gd." />
    <property name="errorCount" value="2" />
    <property name="fieldPrivateMode" value="true" />
    <property name="file.chooser.recent.files" value="E:/study/demo&#10;E:/app/重点人员厦门&#10;E:/keystore/keystore/snxun.keystore&#10;E:/project/keyperson_xm_190306&#10;E:/app/苏州重点人员&#10;E:/project/zdry_sz&#10;E:/app/厦门长廊&#10;E:/project/xmzngl&#10;E:/study/localRefresh/MyApplication&#10;E:/app/太仓警务通/release&#10;E:/app/bs/release&#10;E:/project/bs_zhcx_19010211&#10;E:/study&#10;E:/study/Skeleton&#10;C:/Program Files (x86)/Git/bin/git.exe&#10;E:/study/KotlinDemo2&#10;E:/study/KotlinDemo&#10;E:/app/bjtlga&#10;E:/project/bj_tlgz_190315&#10;E:/project/qzfjt&#10;E:/theme/lcl_settings.jar&#10;E:/project/tc_jwt_190215&#10;E:/sdkmain&#10;D:/迅雷下载" />
    <property name="file.gist.reindex.count" value="19278" />
    <property name="filedNamePreFixStr" value="null" />
    <property name="generateComments" value="true" />
    <property name="inspector.open.Declared Attributes" value="true" />
    <property name="installed.kotlin.plugin.version" value="1.3.31-release-Studio3.4-1" />
    <property name="java.anonymous.provider.file.structure.state" value="true" />
    <property name="kotlin.lastUpdateCheck" value="1560132953042" />
    <property name="kotlin.plugin.releaseDate" value="1.3.31-release-Studio3.4-1:2019-04-25" />
    <property name="newly.installed.api.level" value="28" />
    <property name="objectFromData" value="false" />
    <property name="objectFromData1" value="false" />
    <property name="objectFromDataStr" value="    public  static $ClassName$ objectFromData(String str){&#10;&#10;        return new com.google.gson.Gson().fromJson(str,$ClassName$.class);&#10;    }" />
    <property name="objectFromDataStr1" value="    public  static $ClassName$ objectFromData(String str, String key){&#10;&#10;        try {&#10;            org.json.JSONObject jsonObject=new org.json.JSONObject(str);&#10;&#10;            return new com.google.gson.Gson().fromJson(jsonObject.getString(str),$ClassName$.class);&#10;        } catch (org.json.JSONException e) {&#10;            e.printStackTrace();&#10;        }&#10;&#10;        return null;&#10;    }" />
    <property name="project.jdk.splitter" value="0.5" />
    <property name="reuseEntity" value="false" />
    <property name="search.everywhere.max.popup.width" value="890" />
    <property name="splitGenerate" value="false" />
    <property name="suffixStr" value="Bean" />
    <property name="useFieldNamePrefix" value="false" />
    <property name="useSerializedName" value="false" />
    <property name="virgoMode" value="true" />
  </component>
  <component name="SvnApplicationSettings">
    <option name="myCheckoutURLs">
      <list>
        <option value="https://svn.snxun.com:444/svn/project/%E9%A1%B9%E7%9B%AE/2017/SX2017016_%E8%8B%8F%E5%B7%9E%E9%87%8D%E7%82%B9%E4%BA%BA%E5%91%98%E7%A4%BE%E5%8C%BA%E7%AE%A1%E6%8E%A7%E7%B3%BB%E7%BB%9F%E9%A1%B9%E7%9B%AE/02source/app/%E9%87%8D%E7%82%B9%E4%BA%BA%E5%91%98/szzdry/branches/szzdry_1.0.0_20180110" />
        <option value="https://192.168.5.226:444/svn/project/%E9%A1%B9%E7%9B%AE/2019/SN19-35-002_%E5%8E%A6%E9%97%A8%E5%B8%82%E6%94%BF%E7%AE%A1%E5%BB%8A%E9%A1%B9%E7%9B%AE/02source/%E5%8E%A6%E9%97%A8%E6%99%BA%E6%85%A7%E7%AE%A1%E5%BB%8AAPP/XmZhgl/trunk" />
        <option value="https://svn.snxun.com:444/svn/project/%E9%A1%B9%E7%9B%AE/2017/SX2017028_%E5%8C%97%E4%BA%AC%E9%93%81%E8%B7%AF%E5%85%AC%E5%AE%89%E7%A7%BB%E5%8A%A8%E8%AD%A6%E5%8A%A1%E7%B3%BB%E7%BB%9F/02source/%E5%8C%97%E4%BA%AC%E9%93%81%E8%B7%AF%E5%85%AC%E5%AE%89%E4%BA%BA%E8%BD%A6%E6%A0%B8%E6%9F%A5%E7%B3%BB%E7%BB%9F/android_source/strchc_0.1.0_170720" />
        <option value="https://svn.snxun.com:444/svn/project/项目/2016/SX2016015_厦门公安移动警务平台升级改造/02source/" />
      </list>
    </option>
    <option name="myTypedURLs">
      <list>
        <option value="https://svn.snxun.com:444/svn/project/%E9%A1%B9%E7%9B%AE/2017/SX2017016_%E8%8B%8F%E5%B7%9E%E9%87%8D%E7%82%B9%E4%BA%BA%E5%91%98%E7%A4%BE%E5%8C%BA%E7%AE%A1%E6%8E%A7%E7%B3%BB%E7%BB%9F%E9%A1%B9%E7%9B%AE/02source/app/%E9%87%8D%E7%82%B9%E4%BA%BA%E5%91%98/szzdry/branches/szzdry_1.0.0_20180110" />
        <option value="https://svn.snxun.com:444/svn/project/%E9%A1%B9%E7%9B%AE/2016/SX2016015_%E5%8E%A6%E9%97%A8%E5%85%AC%E5%AE%89%E7%A7%BB%E5%8A%A8%E8%AD%A6%E5%8A%A1%E5%B9%B3%E5%8F%B0%E5%8D%87%E7%BA%A7%E6%94%B9%E9%80%A0/02source/" />
        <option value="https://192.168.5.226:444/svn/project/项目/2016/SX2016015_厦门公安移动警务平台升级改造/02source/关注人员视频侦测/client/Apvi/" />
        <option value="https://192.168.5.226:444/svn/project/项目/2016/SX2016015_厦门公安移动警务平台升级改造/02source/关注人员视频侦测/client/Apvi/branches/" />
        <option value="https://110.80.39.178:444/svn/project/项目/2016/SX2016016_厦门安保平台/02source/安保圈人车核查/" />
        <option value="https://svn.snxun.com:444/svn/project/项目/2016/SX2016015_厦门公安移动警务平台升级改造/02source/关注人员视频侦测/client/" />
        <option value="https://svn.snxun.com:444/svn/project/项目/2016/SX2016009_厦门_互联网+教育训练平台/02source/" />
        <option value="https://192.168.5.130/svn/project" />
        <option value="https://192.168.5.130/svn/project/" />
        <option value="https://192.168.5.130/!/#project" />
        <option value="http://https://svn.snxun.com:444/s啊" />
        <option value="http://啊啊啊啊" />
        <option value="https://svn.snxun.com:444/啊啊啊" />
        <option value="https://svn.snxun.com:444/svn/project/项目" />
        <option value="http://svn.snxun.com:444/svn/project/项目/2016/SX2016009_厦门_互联网+教育训练平台/02source/" />
        <option value="http://啊啊啊" />
        <option value="https://svn.snxun.com:444/svn/project/项目/2016/SX2016009_厦门_互联网+教育训练平台/02source/教育平台APP/trunk/" />
        <option value="http://hisunfd.com/svn/Client/CiYuanHero/" />
        <option value="http://hisunfd.com/svn/Client/CiYuanHero/original/" />
        <option value="http://hisunfd.com/svn/Client/Android/" />
      </list>
    </option>
    <option name="mySvnCommandLine" value="C:\Program Files\TortoiseSVN\bin\svn.exe" />
  </component>
  <component name="SvnBranchMapperManager">
    <option name="myMapping">
      <map>
        <entry key="http://hisunfd.com/svn/Client/Android/CMDM/MGDM/branches/mgdm_201602">
          <value>
            <set>
              <option value="C:\adt\android-studio\WorkSpace\MGDM\mgdm_201602" />
            </set>
          </value>
        </entry>
      </map>
    </option>
  </component>
</application>