<application>
  <component name="ProjectManager">
    <defaultProject>
      <component name="CMakeSettings">
        <configurations>
          <configuration PROFILE_NAME="Debug" CONFIG_NAME="Debug" />
        </configurations>
      </component>
      <component name="Encoding" addBOMForNewFiles="with NO BOM" />
      <component name="GradleLocalSettings">
        <option name="modificationStamps">
          <map>
            <entry key="C:/adt/android-studio/Android201508_alipay" value="7194116678020" />
            <entry key="C:/adt/android-studio/WorkSpace" value="7188708872857" />
            <entry key="C:/adt/android-studio/WorkSpace/DZS_201510" value="7236727025915" />
            <entry key="C:/adt/android-studio/WorkSpace/MGDM/mgdm_201602" value="14607922598006" />
            <entry key="C:/adt/android-studio/WorkSpace/MGDM/mgdm_201602_new" value="8733696166759" />
            <entry key="C:/adt/android-studio/WorkSpace/MGDM/mgdm_201602_trunk" value="13142276470385" />
            <entry key="C:/adt/android-studio/WorkSpace/OTS_201508" value="11525424165678" />
            <entry key="C:/adt/android-studio/WorkSpace/OTS_201509" value="11577796269766" />
            <entry key="C:/adt/android-studio/WorkSpace/OTS_201510" value="13041438190421" />
            <entry key="C:/adt/android-studio/WorkSpace/OTS_201511" value="10146896707422" />
            <entry key="C:/adt/android-studio/WorkSpace/OTS_201512" value="10163105399231" />
            <entry key="C:/adt/android-studio/WorkSpace/OTS_201601" value="10180638691486" />
            <entry key="C:/adt/android-studio/WorkSpace/OTS_201601_live" value="10169232198360" />
            <entry key="C:/adt/android-studio/WorkSpace/OTS_20160331" value="10219542325778" />
            <entry key="C:/adt/android-studio/WorkSpace/manshang_201508" value="8638390098795" />
            <entry key="C:/adt/android-studio/WorkSpace/manshang_201510" value="7236991910585" />
            <entry key="C:/adt/android-studio/WorkSpace/manshang_201511" value="7244340439905" />
            <entry key="C:/adt/android-studio/WorkSpace/manshang_201511_HK" value="7263783826999" />
            <entry key="C:/adt/android-studio/WorkSpace/manshang_201512" value="7256322998904" />
            <entry key="C:/adt/android-studio/WorkSpace/manshang_20151230" value="7257361716934" />
            <entry key="C:/adt/android-studio/WorkSpace/manshang_201601" value="7266491056368" />
            <entry key="C:/adt/android-studio/WorkSpace/mgdm_201602" value="4363648640159" />
            <entry key="C:/adt/android-studio/WorkSpace/monthly_201507" value="8633462653846" />
            <entry key="C:/adt/android-studio/WorkSpace/monthly_201508" value="8686870175493" />
            <entry key="C:/adt/android-studio/WorkSpace/monthly_201508_alipay" value="8643475864979" />
            <entry key="C:/adt/android-studio/WorkSpace/monthly_201508_test" value="8650167421423" />
            <entry key="C:/adt/android-studio/WorkSpace/monthly_201509" value="8660691287530" />
            <entry key="C:/adt/android-studio/WorkSpace/monthly_201509_fourthQuarter" value="8651258198505" />
            <entry key="C:/adt/android-studio/WorkSpace/monthly_201509_test" value="8650181410535" />
            <entry key="C:/adt/android-studio/WorkSpace/monthly_201510" value="10163300912267" />
            <entry key="C:/adt/android-studio/WorkSpace/monthly_201510_migu" value="8668335372018" />
            <entry key="C:/adt/android-studio/WorkSpace/monthly_201510_miguSDK" value="8668308921890" />
            <entry key="C:/adt/android-studio/WorkSpace/monthly_201510_test" value="10118470199149" />
            <entry key="C:/adt/android-studio/WorkSpace/monthly_201511" value="10133607753221" />
            <entry key="C:/adt/android-studio/WorkSpace/monthly_201512" value="10147972736260" />
            <entry key="C:/adt/android-studio/WorkSpace/monthly_201601" value="10171570042249" />
            <entry key="C:/adt/android-studio/WorkSpace/monthly_201601_live" value="10164520061902" />
            <entry key="C:/adt/android-studio/WorkSpace/monthly_20160315" value="10207855434886" />
            <entry key="C:/adt/android-studio/WorkSpace/monthly_20160331" value="10223794098221" />
            <entry key="C:/adt/android-studio/WorkSpace/mothly_201508_2" value="7202849523222" />
            <entry key="C:/adt/android-studio/WorkSpace/ots201510" value="10130581130904" />
            <entry key="C:/adt/android-studio/WorkSpace/test" value="8638769573905" />
            <entry key="C:/adt/android-studio/WorkSpace/trunk" value="10146179079664" />
            <entry key="C:/adt/android-studio/WorkSpaceSVN" value="7185549960992" />
            <entry key="D:/gold/AgileDev" value="10448601273046" />
            <entry key="D:/gold/AgileDev0424" value="10451162071656" />
            <entry key="D:/gold/GlideImageLoader" value="5972703341153" />
            <entry key="D:/gold/mayFastRun" value="5970946737471" />
            <entry key="D:/project" value="4484489245744" />
            <entry key="D:/project/Keyperson0609_no_Acach" value="8985509147561" />
            <entry key="D:/project/jcz0518" value="4485227369198" />
            <entry key="D:/project/jcz0627" value="4495702422879" />
            <entry key="D:/project/jcz062721" value="4495707759792" />
            <entry key="D:/project/jcznew00518" value="4485222065942" />
            <entry key="D:/project/jcznew0518" value="4485227778337" />
            <entry key="D:/project/mixJcz0704" value="4497391459554" />
            <entry key="G:/project/DevidePerson0710/trunk" value="5998596500724" />
            <entry key="G:/project/Keyperson0711" value="8998425630862" />
            <entry key="G:/project/qg_rchc0814" value="4508072383003" />
            <entry key="G:/project/text" value="4514053081777" />
          </map>
        </option>
        <option name="projectSyncType">
          <map>
            <entry key="E:/study/ShimmerLayout" value="PREVIEW" />
          </map>
        </option>
      </component>
      <component name="ProjectCodeStyleConfiguration">
        <code_scheme name="Project" version="173">
          <Objective-C-extensions>
            <file>
              <option name="com.jetbrains.cidr.lang.util.OCDeclarationKind" value="Import" />
              <option name="com.jetbrains.cidr.lang.util.OCDeclarationKind" value="Macro" />
              <option name="com.jetbrains.cidr.lang.util.OCDeclarationKind" value="Typedef" />
              <option name="com.jetbrains.cidr.lang.util.OCDeclarationKind" value="Enum" />
              <option name="com.jetbrains.cidr.lang.util.OCDeclarationKind" value="Constant" />
              <option name="com.jetbrains.cidr.lang.util.OCDeclarationKind" value="Global" />
              <option name="com.jetbrains.cidr.lang.util.OCDeclarationKind" value="Struct" />
              <option name="com.jetbrains.cidr.lang.util.OCDeclarationKind" value="FunctionPredecl" />
              <option name="com.jetbrains.cidr.lang.util.OCDeclarationKind" value="Function" />
            </file>
            <class>
              <option name="com.jetbrains.cidr.lang.util.OCDeclarationKind" value="Property" />
              <option name="com.jetbrains.cidr.lang.util.OCDeclarationKind" value="Synthesize" />
              <option name="com.jetbrains.cidr.lang.util.OCDeclarationKind" value="InitMethod" />
              <option name="com.jetbrains.cidr.lang.util.OCDeclarationKind" value="StaticMethod" />
              <option name="com.jetbrains.cidr.lang.util.OCDeclarationKind" value="InstanceMethod" />
              <option name="com.jetbrains.cidr.lang.util.OCDeclarationKind" value="DeallocMethod" />
            </class>
            <extensions>
              <pair source="cpp" header="h" fileNamingConvention="NONE" />
              <pair source="c" header="h" fileNamingConvention="NONE" />
            </extensions>
          </Objective-C-extensions>
        </code_scheme>
      </component>
      <component name="ProjectRootManager" version="2" languageLevel="JDK_1_6" default="true" assert-keyword="true" jdk-15="true" />
      <component name="PropertiesComponent">
        <property name="android.sdk.path" value="C:/adt/android-studio/SDK" />
        <property name="last_opened_file_path" value="C:/adt/android-studio/WorkSpace/OTS_201510" />
        <property name="settings.editor.selected.configurable" value="configurable.group.appearance" />
        <property name="settings.editor.splitter.proportion" value="0.2" />
        <property name="android.project.structure.last.selected" value="SDK Location" />
        <property name="android.project.structure.proportion" value="0.15" />
      </component>
      <component name="RunManager">
        <configuration name="&lt;template&gt;" type="Applet" default="true" selected="false">
          <option name="MAIN_CLASS_NAME" />
          <option name="HTML_FILE_NAME" />
          <option name="HTML_USED" value="false" />
          <option name="WIDTH" value="400" />
          <option name="HEIGHT" value="300" />
          <option name="POLICY_FILE" value="$APPLICATION_HOME_DIR$/bin/appletviewer.policy" />
          <option name="VM_PARAMETERS" />
        </configuration>
        <configuration default="true" type="JUnit" factoryName="JUnit">
          <extension name="coverage" enabled="false" merge="false" sample_coverage="true" runner="idea" />
          <module name="" />
          <option name="ALTERNATIVE_JRE_PATH_ENABLED" value="false" />
          <option name="ALTERNATIVE_JRE_PATH" />
          <option name="PACKAGE_NAME" />
          <option name="MAIN_CLASS_NAME" />
          <option name="METHOD_NAME" />
          <option name="TEST_OBJECT" value="class" />
          <option name="VM_PARAMETERS" value="-ea" />
          <option name="PARAMETERS" />
          <option name="WORKING_DIRECTORY" value="$MODULE_DIR$" />
          <option name="ENV_VARIABLES" />
          <option name="PASS_PARENT_ENVS" value="true" />
          <option name="TEST_SEARCH_SCOPE">
            <value defaultName="singleModule" />
          </option>
          <envs />
          <patterns />
          <method />
        </configuration>
        <configuration name="&lt;template&gt;" type="#org.jetbrains.idea.devkit.run.PluginConfigurationType" default="true" selected="false">
          <option name="VM_PARAMETERS" value="-Xmx512m -Xms256m -XX:MaxPermSize=250m -ea" />
        </configuration>
        <configuration default="true" type="Application" factoryName="Application">
          <option name="WORKING_DIRECTORY" value="$PROJECT_DIR$" />
          <method v="2">
            <option name="Make" enabled="true" />
          </method>
        </configuration>
        <configuration default="true" type="TestNG" factoryName="TestNG">
          <option name="WORKING_DIRECTORY" value="$PROJECT_DIR$" />
          <properties />
          <listeners />
          <method v="2">
            <option name="Make" enabled="true" />
          </method>
        </configuration>
      </component>
      <component name="SvnConfiguration">
        <configuration>C:\Users\zhouL\AppData\Roaming\Subversion</configuration>
      </component>
      <component name="VcsContentAnnotationSettings">
        <option name="myLimit" value="2678400000" />
      </component>
      <component name="masterDetails">
        <states>
          <state key="ProjectJDKs.UI">
            <settings>
              <last-edited>1.8</last-edited>
              <splitter-proportions>
                <option name="proportions">
                  <list>
                    <option value="0.5" />
                  </list>
                </option>
              </splitter-proportions>
            </settings>
          </state>
        </states>
      </component>
    </defaultProject>
  </component>
</application>