<keymap version="1" name="Eclipse copy" parent="Eclipse">
  <action id="Back">
    <keyboard-shortcut first-keystroke="alt left" />
    <mouse-shortcut keystroke="button4" />
    <keyboard-shortcut first-keystroke="alt q" />
  </action>
  <action id="ClassNameCompletion">
    <keyboard-shortcut first-keystroke="ctrl alt space" />
    <keyboard-shortcut first-keystroke="alt slash" />
  </action>
  <action id="CloseActiveTab">
    <keyboard-shortcut first-keystroke="ctrl f4" />
  </action>
  <action id="CloseContent">
    <keyboard-shortcut first-keystroke="ctrl w" />
  </action>
  <action id="CodeCompletion">
    <keyboard-shortcut first-keystroke="ctrl space" />
    <keyboard-shortcut first-keystroke="alt period" />
  </action>
  <action id="CompileProject">
    <keyboard-shortcut first-keystroke="ctrl comma" />
  </action>
  <action id="DuplicatesForm.SendToLeft" />
  <action id="DuplicatesForm.SendToRight" />
  <action id="EditorCompleteStatement">
    <keyboard-shortcut first-keystroke="shift ctrl enter" />
    <keyboard-shortcut first-keystroke="alt x" />
  </action>
  <action id="EditorContextInfo" />
  <action id="FileChooser.GotoHome" />
  <action id="FileChooser.GotoProject" />
  <action id="FindNext">
    <keyboard-shortcut first-keystroke="ctrl k" />
    <keyboard-shortcut first-keystroke="alt f" />
  </action>
  <action id="FixDocComment">
    <keyboard-shortcut first-keystroke="ctrl 4" />
  </action>
  <action id="Forward">
    <keyboard-shortcut first-keystroke="alt right" />
    <mouse-shortcut keystroke="button5" />
    <keyboard-shortcut first-keystroke="alt d" />
  </action>
  <action id="GotoBookmark1" />
  <action id="GotoBookmark2" />
  <action id="GotoBookmark4" />
  <action id="Gsonformat" />
  <action id="HippieCompletion" />
  <action id="ParameterInfo">
    <keyboard-shortcut first-keystroke="ctrl 2" />
  </action>
  <action id="QuickEvaluateExpression">
    <keyboard-shortcut first-keystroke="ctrl alt f8" />
    <mouse-shortcut keystroke="alt button1" />
    <keyboard-shortcut first-keystroke="ctrl alt i" />
  </action>
  <action id="RebuildGradleProject">
    <keyboard-shortcut first-keystroke="ctrl semicolon" />
  </action>
  <action id="ShowIntentionActions">
    <keyboard-shortcut first-keystroke="alt enter" />
    <keyboard-shortcut first-keystroke="shift alt j" />
    <keyboard-shortcut first-keystroke="shift ctrl m" />
    <keyboard-shortcut first-keystroke="ctrl 1" />
  </action>
  <action id="SwitchApply">
    <keyboard-shortcut first-keystroke="shift alt enter" />
  </action>
  <action id="SwitchDown">
    <keyboard-shortcut first-keystroke="shift alt down" />
  </action>
  <action id="SwitchLeft">
    <keyboard-shortcut first-keystroke="shift alt left" />
  </action>
  <action id="SwitchRight">
    <keyboard-shortcut first-keystroke="shift alt right" />
  </action>
  <action id="SwitchUp">
    <keyboard-shortcut first-keystroke="shift alt up" />
  </action>
</keymap>